SchoolCode,SchoolName,City,StateCode,ZipCode,Student Count Black,Student Count Hispanic,Student Count White,Student Count Asian,Student Count Native American,men total,women total,Total
E00254,LMU - LOYOLA LAW SCHOOL,LOS ANGELES,CA,90015,430,574,287,861,717,1029,1843,2870
E00341,STANFORD UNIVERSITY - STANFORD LAW SCHOO,STANFORD,CA,94305,399,532,266,798,665,977,1687,2662
E00374,UNIV OF CALIFORNIA LOS ANG SCH MED,LOS ANGELES,CA,90095,782,1042,521,1564,1303,1836,3380,5214
E00375,UNIV OF CALIFORNIA LOS ANG DENTAL,LOS ANGELES,CA,90095,1043,1391,695,2086,1738,2974,3984,6955
E00480,WHITTIER COLLEGE - COLLEGE OF LAW,COSTA MESA,CA,92626,516,689,344,1033,861,1385,2064,3446
E00554,ANTIOCH UNIV/LOS ANGELES,CULVER CITY,CA,90230,114,153,76,229,191,271,498,766
E00556,ANTIOCH UNIV/SANTA BARBARA,SANTA BARBARA,CA,93101,1798,2398,1199,3597,2997,5786,6207,11990
E00727,INSTITUTE FOR BUSINESS & TECHNOLOGY - NA,RANCHO CORDOVA,CA,95670,270,360,180,540,450,910,894,1802
E00914,PLATT COLLEGE,ONTARIO,CA,91764,270,360,180,540,450,910,894,1802
E00959,PLATT COLLEGE - ANAHEIM,ANAHEIM,CA,92806,7536,10049,5024,15073,12561,26071,24177,50246
E00961,TRINITY INTERNATIONAL UNIV-CA,SANTA ANA,CA,92705,4023,5364,2682,8046,6705,11525,15300,26823
E01182,KAPLAN COLLEGE - PALM SPRINGS,PALM SPRINGS,CA,92262,681,908,454,1362,1135,1823,2721,4542
E01191,KAPLAN COLLEGE - BAKERSFIELD,BAKERSFIELD,CA,93304,540,721,360,1081,901,1391,2217,3606
E01197,KAPLAN COLLEGE - FRESNO,CLOVIS,CA,93612,316,422,211,633,527,979,1133,2110
E01285,KAPLAN COLLEGE - RIVERSIDE,RIVERSIDE,CA,92507,160,213,106,320,267,591,480,1069
E01713,CAREER CARE INSTITUTE - VENTURA,VENTURA,CA,93001,749,999,499,1498,1248,1617,3381,4995
E01826,UNITED EDUCATION INSTITUTE - ONTARIO,ONTARIO,CA,91764,9,12,6,18,15,0,65,63
E01827,UNITED EDUCATION INSTITUTE - ENCINO,ENCINO,CA,91316,6,9,4,13,11,17,30,45
E01841,KAPLAN COLLEGE - CHULA VISTA,CHULA VISTA,CA,91910,1697,2262,1131,3394,2828,7099,4217,11314
E01882,EVEREST COLLEGE - SANTA ANA,SANTA ANA,CA,92701,1461,1948,974,2922,2435,4072,5671,9740
E01886,UNITED EDUCATION INSTITUTE - CHULA VISTA,CHULA VISTA,CA,91910,354,472,236,708,590,925,1440,2363
E01887,UNITED EDUCATION INSTITUTE - EL MONTE,EL MONTE,CA,91731,4899,6532,3266,9798,8165,18733,13930,32660
E01888,UNITED EDUCATION INSTITUTE - ANAHEIM,ANAHEIM,CA,92801,594,792,396,1188,990,1860,2106,3963
E01928,UNITED EDUCATION INSTITUTE - UEI COLLEGE,SAN MARCOS,CA,92069,7503,10005,5002,15007,12506,22217,27810,50025
E01947,CAREER CARE INSTITUTE - MORENO VALLEY,MORENO VALLEY,CA,92553,2288,3050,1525,4576,3813,6704,8552,15254
E01977,UEI COLLEGE-RIVERSIDE,RIVERSIDE,CA,92507,7503,10005,5002,15007,12506,22217,27810,50025
E02024,MEDIATECH INSTITUTE - OCEANSIDE,OCEANSIDE,CA,92054,1472,1963,981,2944,2453,4421,5396,9815
E02028,UNITED EDUCATION INSTITUTE - UEI COLLEGE,STOCKTON,CA,95207,485,647,323,970,808,1621,1617,3235
E02077,WESTMED COLLEGE - MERCED,MERCED,CA,95340,15,20,10,30,25,52,51,100
E02091,NCP COLLEGE OF NURSING - HAYWARD CAMPUS,HAYWARD,CA,94541,666,888,444,1332,1110,1765,2679,4442
E02113,PAUL MITCHELL THE SCHOOL-COSTA MESA,COSTA MESA,CA,92626,395,526,263,790,658,1055,1581,2634
E02116,PAUL MITCHELL THE SCHOOL - SAN DIEGO,SAN DIEGO,CA,92101,4301,5735,2867,8602,7168,13420,15258,28675
E02133,PLATT COLLEGE - RIVERSIDE,RIVERSIDE,CA,92507,72,96,48,144,120,280,205,483
E02208,ADVANCE BEAUTY COLLEGE - LAGUNA HILLS,LAGUNA HILLS,CA,92653,3487,4649,2324,6974,5812,2251,20999,23249
E40398,HUSSIAN SCHOOL OF ART-RELATIVITY CAMPUS,LOS ANGELES,CA,90017,3340,4454,2227,6681,5567,9367,12906,22270
E40424,UEI COLLEGE - BAKERSFIELD,BAKERSFIELD,CA,93308,3344,4459,2229,6688,5573,10495,11803,22295
G01120,AMER BAPT SEM OF THE WEST-BERKELEY,BERKELEY,CA,94704,1944,2592,1296,3888,3240,7898,5065,12960
G01165,CHURCH DIV SCH OF THE PACIFIC,BERKELEY,CA,94709,7536,10049,5024,15073,12561,26071,24177,50246
G01169,CLAREMONT GRADUATE UNIVERSITY,CLAREMONT,CA,91711,9,12,6,18,15,66,0,63
G01200,FULLER THEOLOGICAL SEMINARY,PASADENA,CA,91182,256,342,171,513,428,907,808,1713
G01207,GRADUATE THEOLOGICAL UNION,BERKELEY,CA,94709,816,1088,544,1632,1360,2249,3191,5440
G01256,PACIFIC SCHOOL OF RELIGION,BERKELEY,CA,94709,405,541,270,811,676,1118,1589,2705
G01279,SAN FRANCISCO THEOLOGICAL SEMINARY,SAN ANSELMO,CA,94960,1349,1798,899,2698,2248,4019,4977,8994
G01288,CLAREMONT SCHOOL OF THEOLOGY,CLAREMONT,CA,91711,53,71,35,106,88,207,152,355
G01295,SOUTHWESTERN LAW SCHOOL,LOS ANGELES,CA,90010,19,26,13,39,32,43,89,130
G03947,UC-HASTINGS COLLEGE OF THE LAW,SAN FRANCISCO,CA,94102,55,74,37,111,92,88,284,370
G04080,STARR KING SCHOOL FOR THE MINISTRY,BERKELEY,CA,94709,15,20,10,30,25,30,75,103
G06976,UNIVERSITY OF SAN DIEGO - SCHOOL OF LAW,SAN DIEGO,CA,92110,7,10,5,15,13,54,0,52
G08846,WRIGHT INSTITUTE,BERKELEY,CA,94704,3,4,2,6,5,8,18,23
G10013,ALLIANT INTERNATIONAL UNIVERSITY - LOS A,ALHAMBRA,CA,91803,2087,2783,1391,4174,3478,4950,8969,13915
G10333,JESUIT SCHOOL OF THEOLOGY - BERKELEY,BERKELEY,CA,94709,2057,2743,1371,4114,3428,5958,7761,13715
G10441,PARDEE RAND GRADUATE SCHOOL,SANTA MONICA,CA,90407,687,916,458,1374,1145,2057,2524,4580
G11792,FRANCISCAN SCHOOL OF THEOLOGY,OCEANSIDE,CA,92057,55,74,37,111,93,145,229,372
G11881,ALLIANT INTERNATIONAL UNIVERSITY - SAN F,SAN FRANCISCO,CA,94133,34,46,23,69,58,222,13,233
G13103,CALIFORNIA WESTERN SCHOOL OF LAW,SAN DIEGO,CA,92101,9,12,6,18,15,39,26,63
G20961,FIELDING GRADUATE UNIVERSITY,SANTA BARBARA,CA,93105,16,22,11,33,27,26,86,110
G21206,SAYBROOK GRADUATE SCHOOL,SAN FRANCISCO,CA,94111,17,23,11,34,28,29,89,115
G22220,AMERICAN FILM INSTITUTE,LOS ANGELES,CA,90027,134,179,89,268,223,321,578,895
G22249,STANFORD UNIVERSITY - GRADUATE SCHOOL OF,STANFORD,CA,94305,246,328,164,492,410,705,941,1643
G22372,PHILLIPS GRADUATE INSTITUTE,CHATSWORTH,CA,91311,470,627,313,940,783,1421,1718,3135
G22676,INSTITUTE OF TRANSPERSONAL PSYCHLGY,PALO ALTO,CA,94303,516,689,344,1033,861,1242,2206,3446
G22768,WESTMINSTER SEMINARY CALIFORNIA,ESCONDIDO,CA,92027,5,6,3,10,8,1,35,34
G24552,STANFORD UNIVERSITY - SCHOOL OF MEDICINE,STANFORD,CA,94305,63,85,42,127,106,77,351,426
G25111,ALLIANT INTERNATIONAL UNIVERSITY - FRESN,FRESNO,CA,93727,3465,4620,2310,6930,5775,11986,11115,23100
G31268,PACIFICA GRADUATE INSTITUTE,CARPINTERIA,CA,93013,6,8,4,12,10,8,32,40
G32883,ACAD CHINESE CULTURE & HEALTH SCIS,OAKLAND,CA,94512,9,12,6,18,15,3,59,60
G35924,IRELL & MANELLA GRADUATE SCHOOL OF BIOLO,DUARTE,CA,91010,45,60,30,90,75,37,265,300
G38533,KECK GRADUATE INSTITUTE OF APPLIED LIFE,CLAREMONT,CA,91711,7,10,5,15,12,34,18,50
G41004,TAFT UNIVERSITY SYSTEM (THE),SANTA ANA,CA,92704,429,572,286,858,715,1079,1781,2860
G41555,"ACADEMY FOR JEWISH RELIGION, CALIFORNIA",LOS ANGELES,CA,90024,5,6,3,10,8,7,29,34
G42174,HIGH TECH HIGH GRADUATE SCHOOL OF EDUCAT,SAN DIEGO,CA,92106,66,89,44,133,111,119,330,446
1111,ALLAN HANCOCK COLLEGE,SANTA MARIA,CA,93454,2214,2953,1476,4429,3691,6679,8088,14765
1113,ANTELOPE VALLEY COLLEGE,LANCASTER,CA,93536,19,26,13,39,33,2,133,133
1116,ART CENTER COLLEGE OF DESIGN,PASADENA,CA,91103,942,1256,628,1884,1570,2762,3521,6280
1117,AZUSA PACIFIC UNIVERSITY,AZUSA,CA,91702,49,65,32,98,82,100,230,329
1118,BAKERSFIELD COLLEGE,BAKERSFIELD,CA,93305,15,21,10,31,26,43,64,105
1119,BARSTOW COMMUNITY COLLEGE,BARSTOW,CA,92311,159,213,106,319,266,75,993,1066
1122,BIOLA UNIVERSITY,LA MIRADA,CA,90639,276,369,184,553,461,664,1184,1846
1124,CABRILLO COLLEGE,APTOS,CA,95003,510,680,340,1020,850,1519,1885,3402
1125,CALIFORNIA BAPTIST UNIVERSITY,RIVERSIDE,CA,92504,249,332,166,498,415,729,931,1660
1127,CALIFORNIA COLLEGE OF THE ARTS,SAN FRANCISCO,CA,94107,2768,3691,1845,5536,4613,8569,9890,18455
1131,CALIFORNIA INSTITUTE OF TECHNOLOGY,PASADENA,CA,91125,499,665,332,998,832,1236,2095,3329
1132,CALIFORNIA INSTITUTE OF THE ARTS,VALENCIA,CA,91355,820,1093,546,1640,1367,1451,4020,5469
1133,CALIFORNIA LUTHERAN UNIVERSITY,THOUSAND OAKS,CA,91360,523,698,349,1047,872,1120,2372,3490
1134,CALIFORNIA MARITIME ACADEMY,VALLEJO,CA,94590,957,1276,638,1914,1595,2563,3823,6383
1137,CALIF STATE UNIV-FULLERTON,FULLERTON,CA,92831,63,85,42,127,106,76,353,426
1138,"CALIFORNIA STATE UNIVERSITY, EAST BAY",HAYWARD,CA,94542,222,296,148,444,370,589,893,1480
1139,CALIF STATE UNIV-LONG BEACH,LONG BEACH,CA,90840,61,82,41,123,103,208,206,412
1140,CALIF STATE UNIV-LOS ANGELES,LOS ANGELES,CA,90032,123,164,82,246,205,385,437,820
1141,"CALIF STATE UNIV, DOMINGUEZ HILLS",CARSON,CA,90747,39,52,26,78,65,56,206,260
1142,CALIF STATE UNIV SAN BERNARDINO,SAN BERNARDINO,CA,92407,123,164,82,246,205,126,698,822
1143,CAL POLY STATE UNIVERSITY,SAN LUIS OBISPO,CA,93407,17,23,11,34,28,14,105,115
1144,CALIF STATE POLYTECHNIC UNIV POMONA,POMONA,CA,91768,109,145,72,218,182,94,637,729
1146,CALIF STATE UNIV - CHICO,CHICO,CA,95929,8,11,5,16,13,51,8,55
1147,CALIF STATE UNIV - FRESNO,FRESNO,CA,93740,434,579,289,868,723,544,2353,2895
1149,HUMBOLDT STATE UNIVERSITY,ARCATA,CA,95521,651,868,434,1302,1085,1409,2936,4343
1150,CALIF STATE UNIV-SACRAMENTO,SACRAMENTO,CA,95819,2576,3435,1717,5152,4293,8239,8939,17175
1151,SAN DIEGO STATE UNIVERSITY,SAN DIEGO,CA,92182,416,555,277,832,693,1653,1126,2775
1153,CALIF STATE UNIV-NORTHRIDGE,NORTHRIDGE,CA,91330,1781,2375,1187,3562,2968,4487,7391,11875
1154,SAN FRANCISCO STATE UNIVERSITY,SAN FRANCISCO,CA,94132,6468,8624,4312,12936,10780,19720,23403,43120
1155,SAN JOSE STATE UNIVERSITY,SAN JOSE,CA,95192,486,648,324,972,810,1747,1496,3240
1156,SONOMA STATE UNIVERSITY,ROHNERT PARK,CA,94928,858,1144,572,1716,1430,2823,2898,5720
1157,CALIF STATE UNIV-STANISLAUS,TURLOCK,CA,95382,10,14,7,21,17,5,68,70
1161,CERRITOS COLLEGE,NORWALK,CA,90650,18,25,12,37,31,16,113,126
1162,CHABOT COLLEGE,HAYWARD,CA,94545,30,40,20,60,50,36,169,203
1163,CHAFFEY COLLEGE,RANCHO CUCAMONGA,CA,91737,8,11,5,16,13,19,40,55
1164,CHAPMAN UNIVERSITY,ORANGE,CA,92866,396,528,264,792,660,788,1856,2642
1166,CITRUS COLLEGE,GLENDORA,CA,91741,459,613,306,919,766,1343,1725,3066
1170,CLAREMONT MCKENNA COLLEGE,CLAREMONT,CA,91711,665,887,443,1330,1108,1603,2836,4435
1171,HARVEY MUDD COLLEGE,CLAREMONT,CA,91711,13,17,8,26,22,0,91,89
1172,PITZER COLLEGE,CLAREMONT,CA,91711,206,274,137,412,343,688,688,1374
1173,POMONA COLLEGE,CLAREMONT,CA,91711,762,1016,508,1524,1270,1723,3358,5080
1174,SCRIPPS COLLEGE,CLAREMONT,CA,91711,136,182,91,273,227,192,721,910
1176,WEST HILLS COMMUNITY COLLEGE,COALINGA,CA,93210,1001,1335,667,2002,1668,2731,3948,6675
1177,COGSWELL POLYTECHNICAL COLLEGE,SUNNYVALE,CA,94089,159,213,106,319,266,75,993,1066
1178,COLLEGE OF MARIN,KENTFIELD,CA,94904,3864,5152,2576,7728,6440,11236,14524,25760
1179,NOTRE DAME DE NAMUR UNIVERSITY,BELMONT,CA,94002,3864,5152,2576,7728,6440,11236,14524,25760
1181,COLLEGE OF SAN MATEO,SAN MATEO,CA,94402,3864,5152,2576,7728,6440,11236,14524,25760
B07022,THE CHICAGO SCHOOL OF PROF PSYCHOLOGY,CHICAGO,IL,60610,3864,5152,2576,7728,6440,11236,14524,25760
E00377,UNIVERSITY OF CHICAGO GRADUATE,CHICAGO,IL,60637,3864,5152,2576,7728,6440,11236,14524,25760
E00512,"UNIV OF CHICAGO, BOOTH SCH OF BUS",CHICAGO,IL,60637,3864,5152,2576,7728,6440,11236,14524,25760
E00606,SO IL UNIV-SCHL OF DENTAL MEDICINE,ALTON,IL,62002,3864,5152,2576,7728,6440,11236,14524,25760
E00773,CHICAGO KENT COLLEGE OF LAW,CHICAGO,IL,60661,6,9,4,13,11,8,39,45
E00784,EDUCATORS OF BEAUTY,ROCKFORD,IL,61104,4092,5456,2728,8184,6820,12287,14998,27283
E00983,PACIFIC COLLEGE OF ORIENTAL MEDICINE - C,CHICAGO,IL,60601,2323,3097,1548,4646,3872,7146,8344,15489
E01240,HAIR PROFESSIONALS ACADEMY OF COSMETOLOG,NAPERVILLE,IL,60563,60,80,40,120,100,179,223,400
E01244,RASMUSSEN COLLEGE - ROCKFORD,ROCKFORD,IL,61108,784,1045,522,1568,1307,2659,2572,5229
E01510,RASMUSSEN COLLEGE - AURORA,AURORA,IL,60506,45,60,30,90,75,86,215,300
E01649,RASMUSSEN COLLEGE - ROMEOVILLE,ROMEOVILLE,IL,60446,16,22,11,33,27,57,55,110
E01717,CORTIVA INSTITUTE - CHICAGO,CRYSTAL LAKE,IL,60014,142,190,95,285,237,390,563,950
E01865,RASMUSSEN COLLEGE - MOKENA,MOKENA,IL,60448,12,16,8,24,20,18,64,80
E02023,VATTEROTT COLLEGE - FAIRVIEW HEIGHTS,FAIRVIEW HEIGHTS,IL,62208,27,37,18,55,46,52,136,186
E02206,PAUL MITCHELL THE SCHOOL ESCANABA - PAUL,LOMBARD,IL,60148,66,88,44,132,110,64,378,440
E40390,PAUL MITCHELL THE SCHOOL TINLEY PARK,TINLEY PARK,IL,60477,17,23,11,34,28,9,108,115
G01661,CHICAGO THEOLOGICAL SEMINARY,CHICAGO,IL,60637,40,54,27,81,67,60,212,270
G01682,GARRETT-EVANGELICAL THEOLOGICAL SEM,EVANSTON,IL,60201,22,30,15,45,38,13,141,152
G01698,JOHN MARSHALL LAW SCHOOL,CHICAGO,IL,60604,91,121,60,182,152,195,415,609
G01712,LUTHERAN SCHOOL OF THEOL AT CHICAGO,CHICAGO,IL,60615,27,36,18,54,45,11,171,180
G01721,MCCORMICK THEOLOGICAL SEMINARY,CHICAGO,IL,60615,527,703,351,1054,878,1226,2292,3515
G01723,MEADVILLE LOMBARD THEOLOGICAL SCHOOL,CHICAGO,IL,60637,267,357,178,535,446,796,991,1785
G01736,NORTHERN BAPTIST THEOL SEMINARY,LOMBARD,IL,60148,3931,5242,2621,7863,6552,11123,15089,26210
G01765,UNIVERSITY OF ST MARY OF THE LAKE,MUNDELEIN,IL,60060,719,959,479,1438,1198,1785,3012,4795
G09232,CATHOLIC THEOLOGICAL UNION,CHICAGO,IL,60615,366,488,244,732,610,1455,990,2443
G10141,UNIV OF CHICAGO PRITZKER SCH OF MED,CHICAGO,IL,60637,465,620,310,930,775,1078,2026,3102
G20681,ADLER UNIVERSITY,CHICAGO,IL,60602,1376,1835,917,2752,2293,2849,6330,9175
G20754,DEVRY UNIVERSITY - DOWNERS,DOWNERS GROVE,IL,60515,4023,5364,2682,8046,6705,11525,15300,26823
G23192,LAKE FOREST GRAD SCHL OF MGMT,LAKE FOREST,IL,60045,405,540,270,810,675,1370,1332,2700
G25737,INSTITUTE FOR CLINICAL SOCIAL WORK,CHICAGO,IL,60605,7811,10415,5207,15622,13018,25476,26602,52075
G35103,ERIKSON INSTITUTE,CHICAGO,IL,60654,970,1294,647,1941,1617,2787,3686,6470
G36843,NORTHSHORE UNIVERSITY HEALTHSYSTEM SCHOO,EVANSTON,IL,60201,4899,6532,3266,9798,8165,18733,13930,32660
1628,AMERICAN ACADEMY OF ART,CHICAGO,IL,60604,4,6,3,9,8,3,31,32
1633,AUGUSTANA COLLEGE,ROCK ISLAND,IL,61201,29,39,19,58,48,187,11,195
1634,AURORA UNIVERSITY,AURORA,IL,60506,21,28,14,42,35,6,138,142
1636,SOUTHWESTERN ILLINOIS COLLEGE,BELLEVILLE,IL,62221,72,96,48,144,120,46,440,483
1638,BLACK HAWK COLLEGE,MOLINE,IL,61265,50,67,33,100,83,41,298,335
1639,BLACKBURN COLLEGE,CARLINVILLE,IL,62626,13,18,9,27,23,9,86,93
1640,PRAIRIE STATE COLLEGE,CHICAGO HEIGHTS,IL,60411,13,17,8,26,22,18,72,89
1641,BRADLEY UNIVERSITY,PEORIA,IL,61625,342,456,228,684,570,1073,1213,2283
1643,SPOON RIVER COLLEGE,CANTON,IL,61520,554,739,369,1108,923,2275,1424,3695
1647,CITY COLLEGES OF CHICAGO,CHICAGO,IL,60606,1781,2375,1187,3562,2968,4487,7391,11875
1648,TRUMAN COLLEGE,CHICAGO,IL,60640,346,462,231,693,578,1151,1164,2313
1649,RICHARD J DALEY COLLEGE,CHICAGO,IL,60652,525,701,350,1051,876,1109,2400,3506
1650,CITY COLLEGES OF CHICAGO-MALCOLM X,CHICAGO,IL,60612,6510,8680,4340,13020,10850,20662,22739,43400
1652,HAROLD WASHINGTON COLLEGE,CHICAGO,IL,60601,95,127,63,190,158,160,479,635
1653,OLIVE-HARVEY COLLEGE,CHICAGO,IL,60628,10,14,7,21,17,7,65,70
1654,KENNEDY KING COLLEGE,CHICAGO,IL,60621,23,31,15,46,38,9,150,155
1655,WRIGHT COLLEGE,CHICAGO,IL,60634,667,889,444,1334,1112,1774,2676,4449
1657,MIDWESTERN UNIVERSITY,DOWNERS GROVE,IL,60515,66,88,44,132,110,168,276,442
1659,ROSALIND FRANKLIN UNIVERSITY OF MEDICINE,NORTH CHICAGO,IL,60064,0,0,0,0,0,,,0
1663,SPERTUS COLLEGE,CHICAGO,IL,60605,3798,5064,2532,7596,6330,10193,15132,25323
1664,UNIVERSITY OF ST FRANCIS,JOLIET,IL,60435,165,221,110,331,276,428,681,1106
1665,COLUMBIA COLLEGE,CHICAGO,IL,60605,5,6,3,10,8,3,33,34
1666,CONCORDIA UNIVERSITY,RIVER FOREST,IL,60305,238,317,158,476,397,158,1433,1589
1669,DANVILLE AREA COMMUNITY COLLEGE,DANVILLE,IL,61832,1010,1347,673,2020,1683,2709,4029,6735
1671,DEPAUL UNIVERSITY,CHICAGO,IL,60604,73,98,49,147,123,122,373,493
1674,EASTERN ILLINOIS UNIVERSITY,CHARLESTON,IL,61920,359,479,239,718,598,961,1436,2395
1675,ELGIN COMMUNITY COLLEGE,ELGIN,IL,60123,9,13,6,19,16,65,4,66
1676,ELMHURST COLLEGE,ELMHURST,IL,60126,271,362,181,543,452,538,1274,1810
1678,EUREKA COLLEGE,EUREKA,IL,61530,24,32,16,48,40,7,155,160
1681,HIGHLAND COMMUNITY COLLEGE,FREEPORT,IL,61032,328,437,218,656,547,1078,1113,2189
1684,GREENVILLE COLLEGE,GREENVILLE,IL,62246,1896,2528,1264,3792,3160,5276,7369,12643
1685,HEBREW THEOLOGICAL COLLEGE,SKOKIE,IL,60077,15,20,10,30,25,4,100,102
1688,ILLINOIS COLLEGE,JACKSONVILLE,IL,62650,11,15,7,22,18,8,70,75
1689,ILLINOIS COLLEGE OF OPTOMETRY,CHICAGO,IL,60616,207,276,138,414,345,589,796,1383
1691,ILLINOIS INSTITUTE OF TECHNOLOGY,CHICAGO,IL,60616,2213,2951,1475,4426,3688,6065,8694,14755
1692,ILLINOIS STATE UNIVERSITY,NORMAL,IL,61790,223,298,149,447,372,689,804,1490
1693,NORTHEASTERN ILLINOIS UNIV,CHICAGO,IL,60625,4808,6411,3205,9616,8013,13012,19046,32055
1694,CHICAGO STATE UNIVERSITY,CHICAGO,IL,60628,3162,4217,2108,6325,5271,8584,12504,21086
1696,ILLINOIS WESLEYAN UNIVERSITY,BLOOMINGTON,IL,61701,370,494,247,741,617,1074,1399,2470
1699,JOLIET JUNIOR COLLEGE,JOLIET,IL,60431,444,593,296,889,741,1250,1717,2965
1700,JUDSON UNIVERSITY,ELGIN,IL,60123,9442,12590,6295,18885,15737,28282,34671,62950
1701,KASKASKIA COLLEGE,CENTRALIA,IL,62801,2661,3548,1774,5322,4435,7871,9870,17740
1703,KENDALL COLLEGE,CHICAGO,IL,60622,48,65,32,97,81,74,255,326
1704,KNOX COLLEGE,GALESBURG,IL,61401,33,44,22,66,55,14,209,220
1705,ILLINOIS VALLEY COMMUNITY COLLEGE,OGLESBY,IL,61348,2139,2852,1426,4278,3565,6500,7765,14263
1706,LAKE FOREST COLLEGE,LAKE FOREST,IL,60045,19,26,13,39,32,14,118,130
1707,LEWIS UNIVERSITY,ROMEOVILLE,IL,60446,7,9,4,14,12,1,50,49
1708,LINCOLN CHRISTIAN UNIVERSITY,LINCOLN,IL,62656,575,767,383,1150,958,2142,1697,3835
1709,LINCOLN COLLEGE,LINCOLN,IL,62656,6,8,4,12,10,1,40,40
1710,LOYOLA UNIVERSITY CHICAGO,CHICAGO,IL,60626,73,97,48,146,122,200,291,489
1716,MACCORMAC COLLEGE,CHICAGO,IL,60602,44,58,29,88,73,73,223,294
1717,MACMURRAY COLLEGE,JACKSONVILLE,IL,62650,42,57,28,85,71,65,222,285
1722,MCKENDREE UNIVERSITY,LEBANON,IL,62254,368,490,245,736,613,1035,1421,2454
1724,MILLIKIN UNIVERSITY,DECATUR,IL,62522,213,284,142,426,355,540,884,1422
1725,MONMOUTH COLLEGE,MONMOUTH,IL,61462,57,76,38,114,95,228,152,380
1727,MOODY BIBLE INSTITUTE,CHICAGO,IL,60610,784,1045,522,1568,1307,2659,2572,5229
1728,MORTON COLLEGE,CICERO,IL,60804,320,426,213,640,533,928,1208,2134
1732,NATIONAL UNIV OF HEALTH SCIENCES,LOMBARD,IL,60148,15,20,10,30,25,46,56,100
1733,NATIONAL-LOUIS UNIVERSITY,CHICAGO,IL,60603,766,1022,511,1533,1278,2265,2849,5112
1734,NORTH CENTRAL COLLEGE,NAPERVILLE,IL,60540,1490,1986,993,2980,2483,3783,6153,9934
1735,NORTH PARK UNIVERSITY,CHICAGO,IL,60625,1490,1986,993,2980,2483,3783,6153,9934
1737,NORTHERN ILLINOIS UNIVERSITY,DEKALB,IL,60115,1490,1986,993,2980,2483,3783,6153,9934
1739,NORTHWESTERN UNIV,EVANSTON,IL,60208,1490,1986,993,2980,2483,3783,6153,9934
1741,OLIVET NAZARENE UNIVERSITY,BOURBONNAIS,IL,60914,1490,1986,993,2980,2483,3783,6153,9934
1742,IL EASTERN COMM COLGS-OLNEY CENTRAL,OLNEY,IL,62450,201,268,134,402,335,553,793,1343
1745,QUINCY UNIVERSITY,QUINCY,IL,62301,6,9,4,13,11,2,45,45
1746,ROBERT MORRIS UNIVERSITY ILLINOIS,CHICAGO,IL,60605,749,999,499,1498,1248,1617,3381,4995
1747,ROCK VALLEY COLLEGE,ROCKFORD,IL,61114,784,1045,522,1568,1307,2659,2572,5229
1748,ROCKFORD UNIVERSITY,ROCKFORD,IL,61108,651,869,434,1303,1086,1377,2972,4346
1749,ROOSEVELT UNIVERSITY,CHICAGO,IL,60605,15,20,10,30,25,20,80,100
1750,DOMINICAN UNIVERSITY,RIVER FOREST,IL,60305,24,32,16,48,40,5,158,160
1752,SAUK VALLEY COMMUNITY COLLEGE,DIXON,IL,61021,13,18,9,27,22,7,85,90
1753,SCHOOL OF ART INSTITUTE OF CHICAGO,CHICAGO,IL,60603,15,21,10,31,26,5,103,106
1756,SHIMER COLLEGE,CHICAGO,IL,60616,5700,7601,3800,11401,9501,18185,19822,38005
1757,SOUTHEASTERN ILLINOIS COLLEGE,HARRISBURG,IL,62946,25,34,17,51,42,121,52,170
E00505,ST JOSEPH'S COLLEGE-SUFFOLK CAMPUS,PATCHOGUE,NY,11772,10,13,6,20,17,0,70,69
E00546,NY INSTITUTE OF TECHNOLOGY-OSTEOPATHIC M,OLD WESTBURY,NY,11568,412,550,275,825,688,943,1812,2753
E00911,PACIFIC COLLEGE OF ORIENTAL MEDICINE - N,NEW YORK,NY,10010,249,333,166,499,416,908,760,1666
E00922,ITT TECHNICAL INSTITUTE,ALBANY,NY,12205,3344,4459,2229,6688,5573,10495,11803,22295
E01255,LINCOLN TECHNICAL INSTITUTE - WHITESTONE,WHITESTONE,NY,11357,5356,7142,3571,10713,8928,20155,15559,35712
E01670,RIDLEY - LOWELL BUSINESS & TECHNICAL INS,POUGHKEEPSIE,NY,12601,16,21,10,32,27,0,110,109
E01719,CONTINENTAL SCHOOL OF BEAUTY CULTURE - B,BUFFALO,NY,14223,268,358,179,537,448,891,904,1793
E01739,MAKE-UP DESIGNORY -,NEW YORK,NY,10012,211,281,140,422,352,553,857,1409
E01740,ALLEN SCHOOL - BROOKLYN,BROOKLYN,NY,11201,4389,5853,2926,8779,7316,14776,14493,29266
E01868,FINGER LAKES SCHOOL OF MASSAGE (THE) -,MOUNT KISCO,NY,10549,414,553,276,829,691,723,2044,2765
E01897,CONTINENTAL SCHOOL OF BEAUTY CULTURE - M,MATTYDALE,NY,13211,664,886,443,1329,1107,2125,2308,4430
E01999,CONTINENTAL SCHOOL OF BEAUTY CULTURE -,BATAVIA,NY,14020,16,22,11,33,27,106,6,110
E02126,"JOHN PAOLO'S XTREME BEAUTY INSTITUTE, GO",NEW YORK MILLS,NY,13417,46,62,31,93,77,52,261,310
E02188,NEW YORK MEDICAL CAREER TRAINING CENTER,NEW YORK,NY,10018,793,1057,528,1586,1322,2288,3002,5289
G02669,BANK STREET COLLEGE OF EDUCATION,NEW YORK,NY,10025,276,368,184,552,460,861,979,1840
G02674,NEW YORK THEOLOGICAL SEMINARY,NEW YORK,NY,10115,54,72,36,108,90,213,151,362
G02677,BROOKLYN LAW SCHOOL,BROOKLYN,NY,11201,6,8,4,12,10,46,0,43
G02700,COLGATE ROCHESTER CROZER DIVINITY S,ROCHESTER,NY,14620,53,70,35,106,88,93,263,354
G02726,GENERAL THEOLOGICAL SEMINARY,NEW YORK,NY,10011,2427,3237,1618,4855,4046,7240,8947,16185
G02749,NEW YORK COLLEGE OF PODIATRIC MED,NEW YORK,NY,10035,195,260,130,390,325,575,727,1300
G02783,NEW YORK LAW SCHOOL,NEW YORK,NY,10013,100,134,67,201,167,301,371,670
G02784,NEW YORK MEDICAL COLLEGE,VALHALLA,NY,10595,19,25,12,38,32,128,2,129
G02807,ROCKEFELLER UNIVERSITY,NEW YORK,NY,10021,12,16,8,24,20,27,58,83
G02822,CHRIST THE KING SEMINARY,EAST AURORA,NY,14052,36,49,24,73,61,156,93,246
G02833,ST VLADIMIR ORTHODOX THEOL SEM,CRESTWOOD,NY,10707,83,111,55,166,138,539,20,555
G02886,ALBANY LAW SCHOOL,ALBANY,NY,12208,207,276,138,414,345,353,1030,1380
G02887,ALBANY MEDICAL COLLEGE,ALBANY,NY,12208,261,348,174,522,435,386,1356,1740
G02890,UNION THEOLOGICAL SEMINARY,NEW YORK,NY,10027,84,112,56,168,140,355,210,563
G03979,COLUMBIA UNIV TEACHERS COLLEGE,NEW YORK,NY,10027,16,22,11,33,28,89,26,113
G04054,HEBREW UNION COL-JEWISH INST OF REL,NEW YORK,NY,10012,82,109,54,164,137,236,314,549
G04762,WEILL CORNELL MEDICAL COLLEGE AND GRADUA,NEW YORK,NY,10021,924,1232,616,1848,1540,3637,2529,6163
G07026,MOUNT SINAI SCHOOL OF MEDICINE,NEW YORK,NY,10029,5,6,3,10,8,2,34,34
G09895,YESHIVA UNIVERSITY - BRONX CAMPUS,BRONX,NY,10461,2514,3352,1676,5028,4190,7047,9715,16760
G24601,UNIV OF ROCHESTER SCHL OF MEDICINE,ROCHESTER,NY,14642,2514,3352,1676,5028,4190,7047,9715,16760
G31913,CUNY SCHOOL OF LAW @ QUEENS COLLEGE,FLUSHING,NY,11367,2514,3352,1676,5028,4190,7047,9715,16760
G32163,UNIFICATION THEOLOGICAL SEMINARY,BARRYTOWN,NY,12507,77,102,51,154,128,174,342,514
G34194,NORTHEASTERN SEMINARY,ROCHESTER,NY,14624,291,388,194,582,485,510,1435,1943
G34433,NEW YORK COLLEGE OF TRADITIONAL CHINESE,MINEOLA,NY,11501,56,75,37,112,93,72,306,375
G38813,CLARKSON UNIVERSITY - CAPITAL REGION CAM,SCHENECTADY,NY,12308,784,1045,522,1568,1307,2659,2572,5229
G41798,SOTHEBY'S INSTITUTE OF ART - NY,NEW YORK,NY,10022,4092,5457,2728,8185,6821,13759,13528,27285
G42076,AMERICAN ACADEMY OF PERSONAL TRAINING,NEW YORK,NY,10011,259,346,173,519,432,777,955,1730
G42238,ELECTRICAL TRAINING CENTER (THE),COPIAGUE,NY,11726,348,464,232,696,580,970,1355,2323
2665,VAUGHN COLLEGE OF AERONAUTICS AND TECHNO,EAST ELMHURST,NY,11369,0,0,0,0,0,1,2,0
2666,ADELPHI UNIVERSITY,GARDEN CITY,NY,11530,12249,16333,8166,24499,20416,34638,47030,81666
2668,ALFRED UNIVERSITY,ALFRED,NY,14802,456,608,304,912,760,537,2503,3040
2671,BARD COLLEGE,ANNANDALE-ON-HUDSON,NY,12504,481,642,321,963,802,1095,2117,3210
2678,BRYANT & STRATTON COLLEGE,BUFFALO,NY,14203,16,22,11,33,27,12,101,110
2681,CANISIUS COLLEGE,BUFFALO,NY,14208,918,1225,612,1837,1531,3061,3067,6126
2685,CAZENOVIA COLLEGE,CAZENOVIA,NY,13035,6070,8094,4047,12141,10117,23559,16913,40470
2686,CITY UNIV OF NEW YORK-CENTRAL,NEW YORK,NY,10021,13,18,9,27,23,6,89,93
2687,CUNY-BROOKLYN COLLEGE,BROOKLYN,NY,11210,54,72,36,108,90,169,194,360
2688,CITY COLLEGE-CUNY,NEW YORK,NY,10031,693,924,462,1386,1155,1784,2836,4620
2689,CUNY-HUNTER COLLEGE,NEW YORK,NY,10021,508,678,339,1017,848,2028,1367,3393
2690,QUEENS COLLEGE-CUNY,FLUSHING,NY,11367,18,25,12,37,31,15,113,126
2691,CUNY- BOROUGH OF MANHATTAN CMTY CLG,NEW YORK,NY,10007,232,310,155,465,388,645,910,1553
2692,CUNY BRONX COMMUNITY COLLEGE,BRONX,NY,10453,3344,4459,2229,6688,5573,10495,11803,22295
2693,CUNY-JOHN JAY CLG CRIMINAL JUSTICE,NEW YORK,NY,10019,39,53,26,79,66,138,131,266
2694,KINGSBOROUGH COMMUNITY COLLEGE,BROOKLYN,NY,11235,253,337,168,506,422,774,916,1689
2696,NY CITY COLLEGE OF TECHNOLOGY-CUNY,BROOKLYN,NY,11201,81,108,54,162,135,268,277,543
2697,QUEENSBOROUGH COMMUNITY COLLEGE,BAYSIDE,NY,11364,134,179,89,268,223,425,474,895
2698,CUNY THE COLLEGE OF STATEN ISLAND,STATEN ISLAND,NY,10314,6547,8729,4364,13094,10912,22619,21032,43649
2699,CLARKSON UNIVERSITY,POTSDAM,NY,13699,1831,2441,1220,3662,3052,5891,6320,12209
2701,COLGATE UNIVERSITY,HAMILTON,NY,13346,149,199,99,298,248,45,952,995
2703,COLLEGE OF MOUNT SAINT VINCENT,RIVERDALE,NY,10471,14,18,9,28,23,11,85,94
2704,COLLEGE OF NEW ROCHELLE,NEW ROCHELLE,NY,10805,7811,10415,5207,15622,13018,25476,26602,52075
2705,COLLEGE OF SAINT ROSE,ALBANY,NY,12203,7811,10415,5207,15622,13018,25476,26602,52075
2707,COLUMBIA UNIVERSITY IN THE CITY OF NEW Y,NEW YORK,NY,10027,21,28,14,42,35,29,117,143
2708,BARNARD COLLEGE-COLUMBIA UNIV,NEW YORK,NY,10027,42,56,28,84,70,168,118,283
2709,CONCORDIA COLLEGE,BRONXVILLE,NY,10708,67,89,44,134,112,254,197,449
2710,COOPER UNION,NEW YORK,NY,10003,287,383,191,574,478,874,1044,1915
2711,CORNELL UNIVERSITY,ITHACA,NY,14853,303,405,202,607,506,833,1194,2025
2712,D'YOUVILLE COLLEGE,BUFFALO,NY,14201,2061,2748,1374,4122,3435,11823,1917,13740
2713,DOMINICAN COLLEGE,ORANGEBURG,NY,10962,1237,1650,825,2475,2062,3459,4793,8250
2718,ELMIRA COLLEGE,ELMIRA,NY,14901,3183,4245,2122,6367,5306,8583,12644,21225
2722,FORDHAM UNIVERSITY,BRONX,NY,10458,876,1169,584,1753,1461,2207,3642,5846
2727,PACE UNIVERSITY - WHITE PLAINS,WHITE PLAINS,NY,10603,2061,2748,1374,4122,3435,11823,1917,13740
2728,HAMILTON COLLEGE,CLINTON,NY,13323,18,24,12,36,30,121,2,120
2729,HARTWICK COLLEGE,ONEONTA,NY,13820,12,16,8,24,20,1,80,80
2731,HOBART & WILLIAM SMITH COLLEGES,GENEVA,NY,14456,1239,1653,826,2479,2066,2683,5585,8266
2732,HOFSTRA UNIVERSITY,HEMPSTEAD,NY,11549,1635,2180,1090,3270,2725,5675,5226,10900
2734,HOUGHTON COLLEGE,HOUGHTON,NY,14744,8,11,5,16,13,4,55,55
2735,HILBERT COLLEGE,HAMBURG,NY,14075,233,311,155,466,388,703,854,1555
2737,IONA COLLEGE,NEW ROCHELLE,NY,10801,126,169,84,253,211,158,689,845
2739,ITHACA COLLEGE,ITHACA,NY,14850,7,9,4,14,12,4,47,49
2740,JEWISH THEOLOGICAL SEMINARY OF AMER,NEW YORK,NY,10027,664,886,443,1329,1107,2125,2308,4430
2742,THE JUILLIARD SCHOOL,NEW YORK,NY,10023,1962,2616,1308,3924,3270,6144,6942,13083
2744,KEUKA COLLEGE,KEUKA PARK,NY,14478,368,490,245,736,613,960,1496,2454
2748,LEMOYNE COLLEGE,SYRACUSE,NY,13214,675,900,450,1350,1125,1878,2627,4503
2751,LONG ISLAND UNIVERSITY,BROOKVILLE,NY,11548,398,531,265,796,663,1020,1639,2655
2758,MANHATTAN COLLEGE,RIVERDALE,NY,10471,1318,1757,878,2636,2197,3843,4947,8789
2759,MANHATTAN SCHOOL OF MUSIC,NEW YORK,NY,10027,544,725,362,1088,907,2136,1494,3629
2760,MANHATTANVILLE COLLEGE,PURCHASE,NY,10577,23,31,15,46,38,89,70,155
2763,MARIA COLLEGE,ALBANY,NY,12208,400,533,266,800,667,959,1711,2669
2765,MARIST COLLEGE,POUGHKEEPSIE,NY,12601,2214,2953,1476,4429,3691,6679,8088,14765
2769,MARYMOUNT MANHATTAN COLLEGE,NEW YORK,NY,10021,592,790,395,1185,987,1454,2498,3950
2772,MERCY COLLEGE,DOBBS FERRY,NY,10522,57,76,38,114,95,252,132,382
2775,MOLLOY COLLEGE,ROCKVILLE CENTRE,NY,11570,119,158,79,238,198,401,395,794
2777,MEDAILLE COLLEGE,BUFFALO,NY,14214,4,5,2,8,7,5,25,29
2778,MOUNT SAINT MARY COLLEGE,NEWBURGH,NY,12550,154,206,103,309,258,337,698,1033
2779,NAZARETH COLLEGE OF ROCHESTER,ROCHESTER,NY,14618,63,84,42,126,105,133,293,423
2780,THE NEW SCHOOL,NEW YORK,NY,10011,2057,2743,1371,4114,3428,5958,7761,13715
2782,NEW YORK INSTITUTE OF TECHNOLOGY,OLD WESTBURY,NY,11568,680,906,453,1360,1133,1760,2776,4534
2785,NEW YORK UNIVERSITY,NEW YORK,NY,10012,9,12,6,18,15,12,52,62
2788,NIAGARA UNIVERSITY,NIAGARA UNIVERSITY,NY,14109,217,289,144,434,362,583,868,1449
2790,NYACK COLLEGE,NYACK,NY,10960,588,784,392,1176,980,1650,2273,3920
2791,PACE UNIVERSITY - NEW YORK,NEW YORK,NY,10038,1958,2611,1305,3916,3263,5128,7930,13055
B42154,GRACE SCHOOL OF THEOLOGY,CONROE,TX,77384,27,36,18,54,45,73,110,180
E00673,REMINGTON COLLEGE - FT. WORTH CAMPUS,FT. WORTH,TX,76112,16,22,11,33,27,26,86,110
E00711,INTERACTIVE LEARNING SYSTEMS,HOUSTON,TX,77081,4113,5485,2742,8227,6856,13921,13507,27426
E00819,SOUTHERN CAREERS INSTITUTE-PHARR,PHARR,TX,78577,4092,5457,2728,8185,6821,13759,13528,27285
E00820,SOUTHERN CAREERS INSTITUTE - CORPUS CHRI,CORPUS CHRISTI,TX,78414,528,705,352,1057,881,1461,2066,3525
E00821,SOUTHERN CAREERS INSTITUTE - SAN ANTONIO,SAN ANTONIO,TX,78221,230,307,153,460,383,749,789,1535
E00978,KAPLAN COLLEGE - BEAUMONT,BEAUMONT,TX,77706,462,616,308,924,770,1259,1824,3080
E01008,VIRGINIA COLLEGE - VIRGINIA COLLEGE AT A,AUSTIN,TX,78723,3931,5242,2621,7863,6552,11123,15089,26210
E01009,KAPLAN COLLEGE - LAREDO,LAREDO,TX,78041,4023,5364,2682,8046,6705,11525,15300,26823
E01021,KAPLAN COLLEGE - CAREER CENTERS OF TEXAS,CORPUS CHRISTI,TX,78416,1758,2344,1172,3516,2930,5934,5786,11720
E01023,KAPLAN COLLEGE - BROWNSVILLE,BROWNSVILLE,TX,78521,159,213,106,319,266,75,993,1066
E01027,KAPLAN COLLEGE - MCALLEN,MCALLEN,TX,78503,30,40,20,60,50,131,73,202
E01030,INTERACTIVE LEARNING SYSTEMS,HOUSTON,TX,77060,21,28,14,42,35,8,135,140
E01051,AMERICAN INTERCONTINENTAL UNIV - HOUSTON,HOUSTON,TX,77042,7752,10337,5168,15505,12921,21741,29947,51686
E01057,KAPLAN COLLEGE - LUBBOCK,LUBBOCK,TX,79401,6297,8397,4198,12595,10496,17030,24958,41986
E01104,KAPLAN COLLEGE - CAREER CENTERS OF TEXAS,FORT WORTH,TX,76103,5088,6785,3392,10177,8481,15887,18042,33926
E01173,REMINGTON COLLEGE - NORTH HOUSTON CAMPUS,HOUSTON,TX,77067,504,672,336,1008,840,1056,2307,3360
E01195,TEXAS SCHOOL OF BUSINESS - FRIENDSWOOD C,FRIENDSWOOD,TX,77546,504,672,336,1008,840,1056,2307,3360
E01258,INTERNATIONAL ACADEMY OF DESIGN & TECHNO,SAN ANTONIO,TX,78229,7811,10415,5207,15622,13018,25476,26602,52075
E01300,SOUTH TEXAS VOCATIONAL TECHNICAL INSTITU,BROWNSVILLE,TX,78520,7811,10415,5207,15622,13018,25476,26602,52075
E01301,SOUTHWEST SCHOOL OF BUSINESS AND TECHNIC,MCALLEN,TX,78501,970,1294,647,1941,1617,2787,3686,6470
E01320,EVEREST COLLEGE - DALLAS,DALLAS,TX,75206,4899,6532,3266,9798,8165,18733,13930,32660
E01322,EVEREST INSTITUTE - BISSONNET,HOUSTON,TX,77036,18,25,12,37,31,16,113,126
E01338,EVEREST COLLEGE - ARLINGTON,ARLINGTON,TX,76011,94,126,63,189,158,156,478,632
E01340,EVEREST INSTITUTE - HOUSTON GREENSPOINT,HOUSTON,TX,77060,7,10,5,15,13,7,47,52
E01341,EVEREST INSTITUTE - HOUSTON HOBBY,HOUSTON,TX,77087,132,177,88,265,221,510,378,886
E01343,EVEREST INSTITUTE- AUSTIN,AUSTIN,TX,78754,33,44,22,66,55,149,76,223
E01378,INSTITUTE FOR BUSINESS & TECHNOLOGY - LA,SAN ANTONIO,TX,78230,22,29,14,44,37,65,85,149
E01598,MEDIATECH INSTITUTE - AUSTIN,AUSTIN,TX,78704,19,26,13,39,32,52,81,130
E01599,MEDIATECH INSTITUTE - HOUSTON,HOUSTON,TX,77042,57,76,38,114,95,85,301,383
E01600,FORTIS COLLEGE - FORTIS INSTITUTE,GRAND PRAIRIE,TX,75050,72,97,48,145,121,83,406,486
E01618,COMPUTER CAREER CENTER - AMARILLO CAMPUS,AMARILLO,TX,79101,39,53,26,79,66,10,257,265
E01648,COMPUTER CAREER CENTER - LUBBOCK CAMPUS,LUBBOCK,TX,79414,141,189,94,283,236,550,398,946
E01653,SOUTH TEXAS VOCATIONAL TECHNICAL INSTITU,CORPUS CHRISTI,TX,78416,576,768,384,1152,960,1880,1961,3840
E01688,SOUTHERN CAREERS INSTITUTE - BROWNSVILLE,BROWNSVILLE,TX,78520,137,183,91,274,228,527,391,915
E01689,SOUTHERN CAREERS INSTITUTE - HARLINGEN,HARLINGEN,TX,78550,37,50,25,75,63,83,172,253
E01845,KAPLAN COLLEGE - ARLINGTON,ARLINGTON,TX,76010,458,610,305,916,763,1498,1558,3054
E01874,EVEREST COLLEGE - FORT WORTH SOUTH,FORT WORTH,TX,76115,2292,3056,1528,4584,3820,6227,9059,15283
E02074,UTAH COLLEGE OF MASSAGE THERAPY - TEXAS,RICHARDSON,TX,75801,2202,2937,1468,4405,3671,5968,8721,14686
E02094,VISTA COLLEGE - BEAUMONT,BEAUMONT,TX,77701,705,940,470,1410,1175,1907,2798,4703
E02095,VISTA COLLEGE - LONGVIEW,LONGVIEW,TX,75604,705,940,470,1410,1175,1907,2798,4703
E02098,TEXAS BARBER COLLEGES & HAIRSTYLING SCHO,DALLAS,TX,75228,677,902,451,1354,1128,1412,3104,4514
E02099,TEXAS BARBER COLLEGES & HAIRSTYLING SCHO,DALLAS,TX,75241,21,28,14,42,35,81,59,140
E02100,TEXAS BARBER COLLEGES & HAIRSTYLING SCHO,HOUSTON,TX,77009,1440,1920,960,2880,2400,4581,5019,9600
E02134,UTAH COLLEGE OF MASSAGE THERAPY - TEXAS,HOUSTON,TX,77040,18,25,12,37,31,29,99,126
E02135,SOUTH UNIVERSITY - AUSTIN,AUSTIN,TX,78729,10,14,7,21,18,65,9,72
E02158,VISTA COLLEGE - KILLEEN,KILLEEN,TX,76541,11,15,7,22,18,0,79,75
E02174,SOUTHERN CAREERS INSTITUTE - SAN ANTONIO,SAN ANTONIO,TX,78238,165,221,110,331,276,303,805,1106
E02177,PCI HEALTH TRAINING CENTER - RICHARDSON,RICHARDSON,TX,75081,3931,5242,2621,7863,6552,11123,15089,26210
E02191,MYCOMPUTERCAREER.COM - DALLAS,IRVING,TX,75062,970,1294,647,1941,1617,2787,3686,6470
E02192,MYCOMPUTERCAREER.COM - HOUSTON,HOUSTON,TX,77056,400,533,266,800,667,959,1711,2669
E40388,VISTA COLLEGE - COLLEGE STATION,COLLEGE STATION,TX,77840,1084,1446,723,2169,1807,3183,4050,7230
E40436,FLORIDA CAREER COLLEGE - UEI COLLEGE - H,HOUSTON,TX,77090,1084,1446,723,2169,1807,3183,4050,7230
G03544,AUSTIN PRESBYTERIAN THEOLOGICAL SEM,AUSTIN,TX,78705,52,70,35,105,87,74,278,350
G03562,DALLAS THEOLOGICAL SEM,DALLAS,TX,75204,333,444,222,666,555,832,1389,2220
G03566,EPISCOPAL THEOLOGICAL SEMINARY OF THE SO,AUSTIN,TX,78705,150,201,100,301,251,416,592,1006
G03595,OBLATE SCHOOL OF THEOLOGY,SAN ANTONIO,TX,78216,583,777,388,1166,972,1712,2179,3889
G04977,SOUTH TEXAS COLLEGE OF LAW,HOUSTON,TX,77002,121,162,81,243,202,316,496,810
G23202,HOUSTON GRADUATE SCHOOL OF THEOLOGY,HOUSTON,TX,77035,2149,2866,1433,4299,3583,6111,8223,14332
G41527,ASTRODOME CAREER CENTERS,HOUSTON,TX,77054,11,15,7,22,18,29,49,75
3537,ABILENE CHRISTIAN UNIVERSITY,ABILENE,TX,79699,4,6,3,9,7,3,29,30
3539,ALVIN COMMUNITY COLLEGE,ALVIN,TX,77511,8,11,5,16,13,4,54,55
3540,AMARILLO COLLEGE,AMARILLO,TX,79109,408,545,272,817,681,1132,1596,2726
3541,ANGELO STATE UNIVERSITY,SAN ANGELO,TX,76909,408,545,272,817,681,1132,1596,2726
3543,AUSTIN COLLEGE,SHERMAN,TX,75090,408,545,272,817,681,1132,1596,2726
3545,BAYLOR UNIVERSITY,WACO,TX,76798,397,529,264,794,662,974,1677,2649
3546,COASTAL BEND COLLEGE,BEEVILLE,TX,78102,728,971,485,1456,1213,2248,2611,4855
3549,BLINN COLLEGE,BRENHAM,TX,77833,6,8,4,12,10,10,31,40
3553,CISCO JUNIOR COLLEGE,CISCO,TX,76437,851,1135,567,1702,1418,2531,3146,5675
3554,CLARENDON COLLEGE,CLARENDON,TX,79226,851,1135,567,1702,1418,2531,3146,5675
3556,COMMONWEALTH INST OF FUNERAL SVC,HOUSTON,TX,77090,912,1217,608,1825,1521,2412,3676,6086
3557,CONCORDIA UNIVERSITY TEXAS,AUSTIN,TX,78726,212,283,141,424,353,644,774,1415
3558,NORTH CENTRAL TEXAS COLLEGE,GAINESVILLE,TX,76240,81,108,54,162,135,276,265,540
3560,DALLAS BAPTIST UNIVERSITY,DALLAS,TX,75211,433,578,289,867,723,1142,1752,2892
3563,DEL MAR COLLEGE,CORPUS CHRISTI,TX,78404,21,29,14,43,36,7,140,145
3564,EAST TEXAS BAPTIST UNIVERSITY,MARSHALL,TX,75670,6,8,4,12,10,0,42,40
3565,TEXAS A&M UNIVERSITY - COMMERCE,COMMERCE,TX,75429,342,457,228,685,571,826,1462,2286
3568,FRANK PHILLIPS COLLEGE,BORGER,TX,79008,7,10,5,15,12,4,48,50
3570,GRAYSON COUNTY COLLEGE,DENISON,TX,75020,64,86,43,129,107,108,325,430
3571,HARDIN-SIMMONS UNIVERSITY,ABILENE,TX,79698,435,580,290,870,725,1015,1886,2900
3572,TRINITY VALLEY COMMUNITY COLLEGE,ATHENS,TX,75751,15,20,10,30,25,10,90,100
3573,HILL COLLEGE,HILLSBORO,TX,76645,19,26,13,39,32,11,122,130
3574,HOWARD COUNTY JUNIOR COLLEGE DISTRICT,BIG SPRING,TX,79720,124,166,83,249,207,347,486,830
3575,HOWARD PAYNE UNIVERSITY,BROWNWOOD,TX,76801,11,15,7,22,18,44,33,75
3576,HOUSTON BAPTIST UNIVERSITY,HOUSTON,TX,77074,327,437,218,655,546,988,1201,2186
3577,HUSTON - TILLOTSON UNIVERSITY,AUSTIN,TX,78702,456,608,304,912,760,1063,1978,3040
3578,UNIVERSITY OF THE INCARNATE WORD,SAN ANTONIO,TX,78209,6510,8680,4340,13020,10850,20662,22739,43400
3579,JACKSONVILLE COLLEGE,JACKSONVILLE,TX,75766,5419,7225,3612,10838,9032,15338,20792,36129
3580,KILGORE COLLEGE,KILGORE,TX,75662,339,452,226,678,565,639,1625,2262
3581,LAMAR UNIVERSITY-BEAUMONT,BEAUMONT,TX,77710,4373,5831,2915,8746,7288,12403,16754,29155
3582,LAREDO COMMUNITY COLLEGE,LAREDO,TX,78040,43,58,29,87,73,181,113,292
3583,LEE COLLEGE,BAYTOWN,TX,77520,153,205,102,307,256,365,662,1025
3584,LETOURNEAU UNIVERSITY,LONGVIEW,TX,75607,699,933,466,1399,1166,1888,2780,4666
3586,LUBBOCK CHRISTIAN UNIVERSITY,LUBBOCK,TX,79407,375,501,250,751,626,1024,1483,2505
3588,UNIVERSITY OF MARY HARDIN-BAYLOR,BELTON,TX,76513,629,839,419,1258,1048,1466,2733,4195
3590,MCLENNAN COMMUNITY COLLEGE,WACO,TX,76708,629,839,419,1258,1048,1466,2733,4195
3591,MCMURRY UNIVERSITY,ABILENE,TX,79697,44,59,29,88,73,9,288,295
3592,MIDWESTERN STATE UNIVERSITY,WICHITA FALLS,TX,76308,1249,1666,833,2499,2082,3279,5054,8330
3593,NAVARRO COLLEGE,CORSICANA,TX,75110,1249,1666,833,2499,2082,3279,5054,8330
3594,UNIVERSITY OF NORTH TEXAS,DENTON,TX,76203,117,157,78,235,196,437,350,785
3596,ODESSA COLLEGE,ODESSA,TX,79764,2292,3056,1528,4584,3820,6227,9059,15283
3598,OUR LADY OF THE LAKE UNIVERSITY,SAN ANTONIO,TX,78207,336,449,224,673,561,1272,977,2246
3599,UNIVERSITY OF TEXAS - RIO GRANDE VALLEY,EDINBURG,TX,78539,567,757,378,1135,946,1310,2479,3786
3600,PANOLA COLLEGE,CARTHAGE,TX,75633,468,625,312,937,781,1088,2041,3126
3601,PARIS JR COLLEGE,PARIS,TX,75460,78,104,52,156,130,208,314,520
3602,PAUL QUINN COLLEGE,DALLAS,TX,75241,24,32,16,48,40,27,135,160
3603,RANGER COLLEGE,RANGER,TX,76470,549,732,366,1098,915,1008,2653,3660
E00555,ANTIOCH UNIV/SEATTLE,SEATTLE,WA,98121,105,140,70,210,175,331,370,700
E01257,INTERNATIONAL ACADEMY OF DESIGN & TECH,SEATTLE,WA,98188,33,44,22,66,55,10,216,223
E01311,EVEREST COLLEGE - EVERETT,EVERETT,WA,98208,18,24,12,36,30,68,52,120
E01312,EVEREST COLLEGE - TACOMA,TACOMA,WA,98402,215,287,143,430,358,422,1015,1435
E40419,BEAUTY INSTITUTE SCHWARZKOPF PROFESSIONA,BELLINGHAM,WA,98225,2067,2757,1378,4135,3446,5851,7937,13786
G31108,BAKKE GRADUATE UNIVERSITY,SEATTLE,WA,98104,2067,2757,1378,4135,3446,5851,7937,13786
G32803,SEATTLE INST OF ORIENTAL MEDICINE,SEATTLE,WA,98115,2067,2757,1378,4135,3446,5851,7937,13786
G34664,SEATTLE SCHOOL OF THEOLOGY AND PSYCHOLOG,SEATTLE,WA,98121,2067,2757,1378,4135,3446,5851,7937,13786
G41305,PACIFIC NORTHWEST UNIV OF HEALTH SCIENCE,YAKIMA,WA,98901,2067,2757,1378,4135,3446,5851,7937,13786
G41612,PINCHOT UNIVERSITY,SEATTLE,WA,98104,9,12,6,18,15,17,43,60
3769,BELLEVUE COLLEGE,BELLEVUE,WA,98007,3754,5006,2503,7509,6258,17370,7664,25032
3770,BIG BEND COMMUNITY COLLEGE,MOSES LAKE,WA,98837,4808,6411,3205,9616,8013,13012,19046,32055
3771,CENTRAL WASHINGTON UNIVERSITY,ELLENSBURG,WA,98926,38,50,25,76,63,151,105,254
3772,CENTRALIA COLLEGE,CENTRALIA,WA,98531,84,113,56,169,141,256,312,566
3773,CLARK COLLEGE,VANCOUVER,WA,98663,1290,1720,860,2580,2150,3229,5371,8600
3774,COLUMBIA BASIN COLLEGE,PASCO,WA,99301,324,433,216,649,541,2167,0,2165
3775,EASTERN WASHINGTON UNIVERSITY,CHENEY,WA,99004,67,90,45,135,112,163,289,450
3776,EVERETT COMMUNITY COLLEGE,EVERETT,WA,98201,172,230,115,345,288,477,678,1153
3777,HERITAGE UNIVERSITY,TOPPENISH,WA,98948,12,16,8,24,20,35,46,80
3778,GONZAGA UNIVERSITY,SPOKANE,WA,99258,1779,2372,1186,3558,2965,4138,7723,11860
3779,GRAYS HARBOR COLLEGE,ABERDEEN,WA,98520,36,48,24,72,60,98,147,243
3780,GREEN RIVER COMMUNITY COLLEGE,AUBURN,WA,98092,321,428,214,642,535,0,2144,2142
3781,HIGHLINE COMMUNITY COLLEGE,DES MOINES,WA,98198,310,413,206,620,517,111,1959,2069
3782,LOWER COLUMBIA COLLEGE,LONGVIEW,WA,98632,4023,5364,2682,8046,6705,11525,15300,26823
3783,NORTHWEST UNIVERSITY,KIRKLAND,WA,98083,667,889,444,1334,1112,1386,3064,4449
3784,OLYMPIC COLLEGE,BREMERTON,WA,98337,44,58,29,88,73,18,278,294
3785,PACIFIC LUTHERAN UNIVERSITY,TACOMA,WA,98447,222,296,148,444,370,367,1117,1482
3786,PENINSULA COLLEGE,PORT ANGELES,WA,98362,85,114,57,171,143,156,418,572
3787,SEATTLE CENTRAL COMMUNITY COLLEGE,SEATTLE,WA,98122,94,125,62,188,157,236,394,629
3788,SEATTLE PACIFIC UNIVERSITY,SEATTLE,WA,98119,38,51,25,76,63,60,198,255
3790,SEATTLE UNIVERSITY,SEATTLE,WA,98122,14,19,9,28,23,50,48,95
3791,SHORELINE COMMUNITY COLLEGE,SEATTLE,WA,98133,48,64,32,96,80,15,305,320
3792,SKAGIT VALLEY COLLEGE,MOUNT VERNON,WA,98273,9,12,6,18,15,48,16,62
3793,SPOKANE COMMUNITY COLLEGE,SPOKANE,WA,99207,913,1218,609,1827,1523,1653,4441,6092
3794,ST MARTIN'S UNIVERSITY,LACEY,WA,98503,913,1218,609,1827,1523,1653,4441,6092
3796,TACOMA COMMUNITY COLLEGE,TACOMA,WA,98466,35,47,23,70,58,118,121,235
3797,UNIVERSITY OF PUGET SOUND,TACOMA,WA,98416,69,93,46,139,116,44,423,465
3798,UNIVERSITY OF WASHINGTON,SEATTLE,WA,98195,153,205,102,307,256,92,936,1026
3799,WALLA WALLA UNIVERSITY,COLLEGE PLACE,WA,99324,55,73,36,110,92,317,53,369
3800,WASHINGTON STATE UNIVERSITY,PULLMAN,WA,99164,370,494,247,741,617,1074,1399,2470
3801,WENATCHEE VALLEY COLLEGE,WENATCHEE,WA,98801,258,344,172,516,430,667,1054,1720
3802,WESTERN WASHINGTON UNIVERSITY,BELLINGHAM,WA,98225,12,17,8,25,21,3,86,86
3803,WHITMAN COLLEGE,WALLA WALLA,WA,99362,970,1294,647,1941,1617,2851,3621,6470
3804,WHITWORTH UNIVERSITY,SPOKANE,WA,99251,954,1272,636,1908,1590,2543,3818,6360
3805,YAKIMA VALLEY COMMUNITY COLLEGE,YAKIMA,WA,98907,1300,1734,867,2601,2168,3399,5275,8672
5000,PIERCE COLLEGE,LAKEWOOD,WA,98498,164,219,109,328,273,489,609,1095
5001,EDMONDS COMMUNITY COLLEGE,LYNNWOOD,WA,98036,27,37,18,55,46,100,88,186
5006,WALLA WALLA COMMUNITY COLLEGE,WALLA WALLA,WA,99362,1662,2217,1108,3325,2771,4400,6689,11086
5372,SOUTH PUGET SOUND COMMUNITY COLLEGE,OLYMPIA,WA,98512,4092,5457,2728,8185,6821,13759,13528,27285
5373,LAKE WASHINGTON TECHNICAL COLLEGE,KIRKLAND,WA,98034,4092,5457,2728,8185,6821,13759,13528,27285
8155,EVERGREEN STATE COLLEGE (THE),OLYMPIA,WA,98505,4092,5457,2728,8185,6821,13759,13528,27285
8443,ITT TECHNICAL INSTITUTE - SEATTLE,SEATTLE,WA,98168,4092,5457,2728,8185,6821,13759,13528,27285
9387,PERRY TECHNICAL INSTITUTE,YAKIMA,WA,98903,4092,5457,2728,8185,6821,13759,13528,27285
9544,SPOKANE FALLS COMMUNITY COLLEGE,SPOKANE,WA,99224,447,596,298,894,745,1338,1646,2982
9704,NORTH SEATTLE COMMUNITY COLLEGE,SEATTLE,WA,98103,627,836,418,1254,1045,1663,2521,4182
9706,SOUTH SEATTLE COMMUNITY COLLEGE,SEATTLE,WA,98106,1781,2375,1187,3562,2968,4487,7391,11875
9739,GLEN DOW ACAD OF HAIR DESIGN,SPOKANE,WA,99201,1222,1630,815,2445,2037,4092,4061,8150
10364,WHATCOM COMMUNITY COLLEGE,BELLINGHAM,WA,98226,1222,1630,815,2445,2037,4092,4061,8150
11481,DIVERS INSTITUTE OF TECHNOLOGY,SEATTLE,WA,98107,3,5,2,7,6,2,27,26
12259,BATES TECHNICAL COLLEGE,TACOMA,WA,98405,4,6,3,9,7,1,31,30
12315,CORNISH COLLEGE OF THE ARTS,SEATTLE,WA,98121,4023,5364,2682,8046,6705,11525,15300,26823
13022,CITY UNIVERSITY OF SEATTLE,SEATTLE,WA,98121,3159,4212,2106,6318,5265,9178,11883,21060
13822,TONI & GUY HAIRDRESSING ACADEMY,SHORELINE,WA,98133,216,288,144,432,360,652,792,1442
13926,GENE JUAREZ BEAUTY SCHOOLS,MOUNTLAKE TERRACE,WA,98043,0,0,0,0,0,,,0
14001,RENTON TECHNICAL COLLEGE,RENTON,WA,98056,324,432,216,648,540,719,1441,2160
14396,PAROBA COLLEGE OF COSMETOLOGY,EVERETT,WA,98208,187,250,125,375,313,580,674,1252
14618,EVERGREEN BEAUTY AND BARBER COLLEGE,BELLEVUE,WA,98007,673,897,448,1346,1122,1937,2553,4489
15040,EVEREST COLLEGE - EVERETT WA,EVERETT,WA,98208,450,600,300,900,750,1242,1759,3000
15562,STYLEMASTERS COLLEGE OF HAIR DESIGN,LONGVIEW,WA,98632,82,110,55,165,138,231,324,553
15817,PROFESSIONAL BEAUTY SCHOOL,YAKIMA,WA,98902,702,936,468,1404,1170,1293,3390,4680
15984,CLOVER PARK TECHNICAL COLLEGE,LAKEWOOD,WA,98499,44,59,29,88,73,9,288,295
16059,BASTYR UNIVERSITY,KENMORE,WA,98028,114,153,76,229,191,114,655,766
16210,ART INSTITUTE OF SEATTLE,SEATTLE,WA,98121,913,1218,609,1827,1523,1653,4441,6092
16227,BELLINGHAM TECHNICAL COLLEGE,BELLINGHAM,WA,98225,54,72,36,108,90,42,321,360
16856,ACADEMY OF HAIR DESIGN (THE),WENATCHEE,WA,98801,24,32,16,48,40,22,140,160
17065,BJ'S BEAUTY AND BARBER COLLEGE,TACOMA,WA,98409,85,113,56,170,142,88,482,569
21800,NORTHWEST INDIAN COLLEGE,BELLINGHAM,WA,98226,22,29,14,44,37,82,69,149
22229,INTERNATIONAL AIR & HOSPITALITY ACADEMY,VANCOUVER,WA,98661,8,11,5,16,13,6,51,55
26021,NORTHWEST COLLEGE OF ART & DESIGN,POULSBO,WA,98370,1249,1666,833,2499,2082,3279,5054,8330
30521,SEATTLE VOCATIONAL INSTITUTE,SEATTLE,WA,98144,1249,1666,833,2499,2082,3279,5054,8330
30650,LUCAS MARC ACADEMY,RICHLAND,WA,99352,258,344,172,516,430,667,1054,1720
30718,ITT TECHNICAL INSTITUTE,SPOKANE VALLEY,WA,99216,3550,4733,2366,7100,5917,10090,13581,23669
30990,CORTIVA INSTITUTE - SEATTLE,SEATTLE,WA,98109,86,115,57,172,143,97,481,575
31395,MONTESSORI SCHOOLS OF WASHINGTON,EVERETT,WA,98203,1041,1388,694,2082,1735,2859,4084,6940
32833,NORTHWEST HVAC/R ASSOCIATION & TRAINING,SPOKANE,WA,99207,1041,1388,694,2082,1735,2859,4084,6940
34835,CASCADIA COMMUNITY COLLEGE,BOTHELL,WA,98011,177,236,118,354,295,623,561,1182
34904,EMIL FRIES PIANO HOSPITAL & TRAININ,VANCOUVER,WA,98661,813,1084,542,1626,1355,1717,3706,5420
36894,FAITH EVANGELICAL COLLEGE & SEMINARY,TACOMA,WA,98407,813,1084,542,1626,1355,1717,3706,5420
37243,DIGIPEN INSTITUTE OF TECHNOLOGY,REDMOND,WA,98052,458,610,305,916,763,1498,1558,3054
39173,EVERGREEN BEAUTY AND BARBER COLLEGE,EVERETT,WA,98208,222,296,148,444,370,313,1170,1480
41200,SUNNYSIDE BEAUTY ACADEMY,SUNNYSIDE,WA,98944,82,110,55,165,138,185,370,553
41272,VICTORIA'S ACADEMY OF COSMETOLOGY,KENNEWICK,WA,99336,1514,2018,1009,3028,2523,4165,5931,10094
41308,CASCADE BEAUTY COLLEGE,AUBURN,WA,98002,32,42,21,64,53,29,187,214
41328,INLAND MASSAGE INSTITUTE,SPOKANE,WA,99218,7,10,5,15,12,2,51,50
41494,GARY MANUEL AVEDA INSTITUTE,SEATTLE,WA,98122,106,142,71,213,177,443,270,710
41550,NORTHWEST SCHOOL OF WOODEN BOAT BUILDING,PORT HADLOCK,WA,98339,16,21,10,32,27,5,105,109
41701,SUMMIT SALON ACADEMY,TACOMA,WA,98409,205,273,136,410,342,238,1132,1369
41919,PAUL MITCHELL THE SCHOOL SPOKANE,SPOKANE VALLEY,WA,99037,36,48,24,72,60,228,14,240
42236,ACADEMY OF INTERACTIVE ENTERTAINMENT,SEATTLE,WA,98109,441,589,294,883,736,337,2612,2946
42310,STUDIO BEAUTY SCHOOL,SPOKANE,WA,99205,48,64,32,96,80,24,298,320
42504,FOSBRE ACADEMY OF HAIR DESIGN,OLYMPIA,WA,98501,37,50,25,75,62,84,168,250
42529,INTERNATIONAL BEAUTY EDUCATION CENTER,AIRWAY HEIGHTS,WA,99001,1472,1963,981,2944,2453,4421,5396,9815
42580,SEATTLE FILM INSTITUTE,SEATTLE,WA,98119,310,413,206,620,517,111,1959,2069